{
    "camera": {
        "fov": 65,
        "position": [
            1.446372389793396,
            7.761927604675293,
            -5.807837963104248
        ],
        "target": [
            -0.19546955268633281,
            0.7538186347652971,
            0.19372565905294703
        ],
        "startAnim": "none",
        "animTrack": null
    },
    "background": {
        "color": [
            0.4,
            0.4,
            0.4
        ]
    },
    "animTracks": []
}